{"cameraMode":{"drawMode":0,"name":"Shaded","section":"Shading Mode"},"sceneLighting":true,"audioPlay":false,"sceneViewState":{"m_AlwaysRefresh":false,"showFog":true,"showSkybox":true,"showFlares":true,"showImageEffects":true,"showParticleSystems":true,"showVisualEffectGraphs":true,"m_FxEnabled":true},"in2DMode":false,"pivot":{"x":25.634382247924806,"y":-3.3194329738616945,"z":-8.862336158752442},"rotation":{"x":-0.0009208888513967395,"y":0.6540287733078003,"z":0.0012149009853601456,"w":0.7566483020782471},"size":13.503190994262696,"orthographic":false}