{"cameraMode":{"drawMode":0,"name":"Shaded","section":"Shading Mode"},"sceneLighting":true,"audioPlay":false,"sceneViewState":{"m_AlwaysRefresh":false,"showFog":true,"showSkybox":true,"showFlares":true,"showImageEffects":true,"showParticleSystems":true,"showVisualEffectGraphs":true,"m_FxEnabled":true},"in2DMode":false,"pivot":{"x":37.611419677734378,"y":-14.396095275878907,"z":2.2383716106414797},"rotation":{"x":-0.1466962993144989,"y":-0.5693509578704834,"z":0.10733839869499207,"w":-0.8021966218948364},"size":20.794727325439454,"orthographic":false}